category,count,proportion
Success,4205,0.2994800940103981
Failure,9836,0.7005199059896019
