Column,MissingCount,MissingRatio(%)
CurrentAlcoholUse,1372,9.771383804572324
HowTallAreYouWithoutShoesInMeters,979,6.972437860551242
HowMuchDoYouWeighWithoutShoesInKG,979,6.972437860551242
BMIPCT,979,6.972437860551242
CurrentCigaretteUse,718,5.113595897728082
EverCigaretteUse,440,3.1336799373264017
SadOrHopeless,196,1.3959119720817605
