confidence_level,p_hat,standard_error,z_critical,margin_of_error,ci_lower,ci_upper
0.95,0.2994800940103981,0.0038654067532945926,1.959963984540054,0.007576058022055303,0.2919040359883428,0.3070561520324534
